player_name,average_tunnel_distance,TNL,predicted_TNL,Category
"Adcock, Ty",6.954622549939131,87,86.92300083190717,Elite
"Brogdon, Connor",12.880842065494148,76,76.2232682528562,Elite
"Gordon, Tanner",13.614286297993923,75,74.8990417153821,Elite
"Wilson, Justin",14.227584049594228,74,73.79173849851131,Elite
"Lovelady, Richard",15.303864639099814,72,71.84852420185787,Elite
"Glasnow, Tyler",15.949157062419886,71,70.68345491161477,Elite
"Cruz, Fernando",16.121177751073358,70,70.37287320571858,Elite
"Romano, Jordan",16.13086804891479,70,70.3553774657713,Elite
"Meyer, Max",16.874433061791105,69,69.01287795625556,Elite
"Santana, Dennis",17.57608391643895,68,67.74605405800322,Elite
"Stratton, Hunter",17.73179241723079,67,67.46492385106697,Elite
"Jackson, Jay",18.784795276549133,66,65.56373727333232,Elite
"Brazoban, Huascar",18.371009906838022,66,66.31082279546186,Elite
"Hamilton, Ian",18.628062680136726,66,65.84671647510359,Elite
"Montas, Frankie",18.748975949041956,66,65.62840872609952,Elite
"Neris, Héctor",18.84154902192493,65,65.46126892959538,Elite
"Treinen, Blake",20.478078213518582,63,62.50653114745592,Elite
"Poche, Colin",19.98514862869545,63,63.39651079199432,Elite
"Feltner, Ryan",20.080194801390288,63,63.22490583746508,Elite
"Lange, Alex",20.690330914871257,62,62.12331092793928,Elite
"Ortiz, Luis L.",20.818456521664704,62,61.89198137195166,Elite
"Garcia, Robert",21.978435793601335,60,59.79764990576367,Elite
"Miller, Shelby",21.92751712689366,60,59.889583070848744,Elite
"Gray, Sonny",21.794595316021944,60,60.129572127365726,Elite
"Weaver, Luke",22.075922729025034,60,59.62163817750302,Elite
"Fulmer, Carson",22.45391528156373,59,58.939176243985166,Elite
"Ginkel, Kevin",23.001298392528803,58,57.950881279507,Elite
"Megill, Trevor",23.091472720257485,58,57.78807239440578,Elite
"Iglesias, Raisel",22.81620370749329,58,58.28506796065936,Elite
"Flexen, Chris",24.157650692119276,56,55.86309827715395,Elite
"Falter, Bailey",24.010554723219286,56,56.12867864024297,Elite
"Hernández, Elieser",24.24108197821398,56,55.71246388914377,Elite
"Hartlieb, Geoff",24.770776324626066,55,54.756105819658096,Elite
"Bickford, Phil",24.846156367947554,55,54.62000787336701,Elite
"Díaz, Alexis",24.578961693720917,55,55.10242529872016,Elite
"Mushinski, Parker",25.44661880666201,54,53.53587869098593,Elite
"Schwellenbach, Spencer",24.966091120999884,54,54.40346682536396,Elite
"Clase, Emmanuel",24.987721101605644,54,54.36441410253379,Elite
"Bradish, Kyle",24.98084629027284,54,54.376826508554075,Elite
"Shuster, Jared",25.331079520633313,54,53.74448376537386,Elite
"Knack, Landon",25.636661147465947,53,53.192759064728115,Elite
"Varland, Louie",25.995049070722576,53,52.54569310162259,Elite
"Pallante, Andre",25.601856717561393,53,53.2555981295936,Elite
"Abbott, Andrew",25.74366216996758,53,52.99956974336609,Elite
"Baker, Bryan",25.558483600353867,53,53.33390787732101,Elite
"Woo, Bryan",26.133904568063024,52,52.29499083101411,Elite
"McGough, Scott",26.48167775261096,52,51.667089676988205,Elite
"King, John",26.63465829325818,51,51.39088477596698,Elite
"Olson, Reese",27.102749184519762,51,50.545751154770116,Elite
"Meeker, James",27.57845503651604,50,49.68686879489636,Elite
"López, Pablo",27.322481376127698,50,50.14902678722979,Elite
"Stone, Gavin",27.662216914303173,50,49.53563752675163,Elite
"Burke, Brock",27.44578066495228,50,49.92641110211259,Elite
"Willingham, Amos",27.641729842050687,50,49.57262673949576,Elite
"López, Jorge",27.45019376373071,50,49.91844329453304,Elite
"Pagán, Emilio",27.56910848918705,50,49.703743896585586,Elite
"Morgan, Eli",27.333466567234364,50,50.12919312989351,Elite
"Rodriguez, Grayson",27.6207547464263,50,49.61049707376399,Elite
"Wells, Tyler",27.747555530486853,49,49.38155947253259,Elite
"Weems, Jordan",27.78318973712452,49,49.31722225372236,Elite
"Hurt, Kyle",27.773741703888483,49,49.33428058724481,Elite
"Martinez, Justin",27.963006994086516,49,48.99256391841403,Elite
"Steele, Justin",28.206577884037824,49,48.5527990093215,Elite
"Jax, Griffin",27.797276840167925,49,49.29178812409177,Elite
"Helsley, Ryan",28.385364179026716,48,48.23000206598192,Elite
"Alzolay, Adbert",28.637328226524158,48,47.77508339132236,Elite
"Stratton, Chris",28.360847739189843,48,48.27426626330981,Elite
"Selby, Colin",29.185162502758175,47,46.785973852271994,Elite
"Nelson, Nick",29.07300046837263,47,46.988481331162646,Elite
"Chapman, Aroldis",29.32406377419205,47,46.53518893697621,Elite
"Jay, Tyler",28.910308779238466,47,47.282219617771936,Elite
"Okert, Steven",29.152898288036116,47,46.844226582953496,Elite
"Lee, Dylan",28.900691496253792,47,47.299583530094615,Elite
"Thompson, Keegan",29.892059121161044,46,45.509678777799415,Elite
"Frías, Luis",29.54145315604116,46,46.14269449001801,Elite
"Carrasco, Carlos",29.5385524581438,46,46.14793167229128,Elite
"Blanco, Ronel",29.386708543044946,46,46.42208440677056,Elite
"Mayza, Tim",29.537582938353246,46,46.14968213098789,Elite
"Cronin, Declan",30.33079003428541,45,44.71755431594442,Elite
"Maeda, Kenta",30.264481219052993,45,44.837274246797186,Elite
"Contreras, Luis",29.96657909491667,45,45.37513367887247,Elite
"Cabrera, Edward",30.116265569066293,45,45.1048761833649,Elite
"Kinley, Tyler",30.349994692759214,45,44.682880488995835,Elite
"Nelson, Kyle",30.031611291577164,45,45.25771867062495,Elite
"Hoeing, Bryan",30.126057294073632,45,45.08719731764096,Elite
"Ryan, Joe",30.317975389440285,45,44.74069103448454,Elite
"Ferguson, Tyler",30.223554019033813,45,44.91116791446595,Elite
"Mears, Nick",30.068668616612072,45,45.19081202517793,Elite
"Avila, Nick",30.016674457120292,45,45.28468698218455,Elite
"King, Bryan",30.564181052647598,44,44.296169067511904,Elite
"Lugo, Seth",30.49703602700591,44,44.417398768250095,Elite
"Englert, Mason",30.469805770451654,44,44.4665627356706,Elite
"Floro, Dylan",30.650599431834706,44,44.14014151153122,Elite
"Taillon, Jameson",30.934061183253213,44,43.628354034100354,Elite
"Cole, Gerrit",30.738283068399433,44,43.981829545472806,Elite
"Ramirez, Emmanuel",30.691976730498713,44,44.06543519506989,Elite
"Brasier, Ryan",30.81247018835803,44,43.84788541088861,Elite
"Gray, Jon",30.705649743811378,44,44.04074870048235,Elite
"Henry, Tommy",30.910296862960806,44,43.67126028679388,Elite
"Stroman, Marcus",30.46957406254023,44,44.466981082085574,Elite
"Holmes, Grant",30.536049944419375,44,44.346959514002165,Elite
"Nicolas, Kyle",30.689199287279074,44,44.070449842202954,Elite
"Wheeler, Zack",30.985875932434958,44,43.53480300069026,Elite
"Musgrove, Joe",30.984585203137936,44,43.537133400074524,Elite
"Assad, Javier",31.344791609195376,43,42.886784183688015,Elite
"Montgomery, Jordan",31.55668468914329,43,42.504213257173525,Elite
"Merryweather, Julian",31.228971515807046,43,43.09589625307442,Elite
"Bloss, Jake",31.517612591111366,43,42.57475755597088,Elite
"Erceg, Lucas",31.26328782271814,43,43.0339384895988,Elite
"Ramírez, Erasmo",31.424474051806325,43,42.74291829668452,Elite
"Mercado, Michael",31.55860928742288,43,42.50073841341189,Elite
"Waldrep, Hurston",31.071787228104142,43,43.37969097914477,Elite
"García, Yimi",31.11384025239884,43,43.30376464652875,Elite
"Hernández, Daysbel",31.02760547088662,43,43.45946071866577,Elite
"Singer, Brady",31.551918230462647,43,42.51281905267234,Elite
"Armstrong, Shawn",31.74371204920624,42,42.166537149768644,Elite
"Gasser, Robert",32.02520910755321,42,41.65829690686228,Elite
"Pinto, Ricardo",31.712418663720634,42,42.22303705756151,Elite
"Rogers, Tyler",32.06741136150695,42,41.58210114152606,Elite
"Sandoval, Patrick",31.63378755065009,42,42.365004779148535,Elite
"Miller, Bobby",31.574487931242622,42,42.47206967406747,Elite
"Crochet, Garrett",31.768077290848684,42,42.122545939332745,Elite
"Megill, Tylor",31.570589526575418,42,42.479108206358504,Elite
"Eflin, Zach",31.830534422286508,42,42.00978018668297,Elite
"Kelly, Michael",32.5629641440774,41,40.687385338577634,Elite
"Gil, Luis",32.618526510057755,41,40.58706801892912,Elite
"Winn, Cole",32.1567618238915,41,41.42077973741338,Elite
"Estes, Joey",32.15456079581904,41,41.42475367251864,Elite
"Manoah, Alek",32.60398420544167,41,40.61332401063966,Elite
"Pérez, Cionel",32.16464502249249,41,41.406546697837854,Elite
"Kuhl, Chad",32.64867390206258,41,40.53263719139046,Elite
"Vásquez, Randy",32.23081611282437,41,41.287075427974,Elite
"Hancock, Emerson",32.19981649569541,41,41.34304493981241,Elite
"Nastrini, Nick",32.57214661052631,41,40.67080648334597,Elite
"Devenski, Chris",32.614869011707285,41,40.593671597172495,Elite
"Hudson, Daniel",32.207258664813764,41,41.329608174743974,Elite
"Adam, Jason",32.98800017628009,40,39.91998685306883,Above Average
"Soroka, Michael",32.685050297844604,40,40.46695995718815,Elite
"Elder, Bryce",32.98025297691482,40,39.93397434732674,Above Average
"Woods Richardson, Simeon",32.86197923582887,40,40.14751645413226,Elite
"Blackburn, Paul",32.81355287422982,40,40.23494978621289,Elite
"Robert, Daniel",32.977806330429864,40,39.93839174412343,Elite
"Thompson, Zack",33.04235306497612,40,39.821853233073824,Above Average
"France, J.P.",32.75868688032752,40,40.33400981274374,Elite
"Crawford, Kutter",33.49926650196129,39,38.99690039852488,Above Average
"Muñoz, Roddery",33.58018772714676,39,38.850797901447095,Above Average
"Manning, Matt",33.32179848391412,39,39.3173172054715,Above Average
"McFarland, T.J.",33.41671451755798,39,39.14594721575245,Above Average
"Kremer, Dean",34.191825788193206,38,37.746491239976194,Above Average
"Brieske, Beau",34.161150365494905,38,37.801875421874904,Above Average
"Herz, DJ",34.217127469258685,38,37.70080929713043,Above Average
"Soriano, José",34.09286105436223,38,37.92517111910808,Above Average
"Kelly, Merrill",34.22276756966559,38,37.690626149861835,Above Average
"Bowlan, Jonathan",33.948216371955795,38,38.18632570790932,Above Average
"Yamamoto, Yoshinobu",34.32557524834111,38,37.50500787061758,Above Average
"Rodríguez, Yerry",34.064486892125586,38,37.97640039728278,Above Average
"Cisnero, José",34.28531904703078,38,37.577690056543766,Above Average
"Pearson, Nate",34.340166724539785,37,37.478663100085605,Above Average
"Leiter, Jack",34.594563639165884,37,37.019351907125184,Above Average
"Paredes, Enoli",34.55228654113276,37,37.09568280272995,Above Average
"Vines, Darius",34.51575283002023,37,37.16164406825484,Above Average
"Márquez, Germán",34.855598863921266,37,36.54805530880242,Above Average
"Zastryzny, Rob",34.51227463461242,37,37.16792391675246,Above Average
"Bradley, Taj",34.718629407043714,37,36.795352351418025,Above Average
"Alexander, Tyler",34.39711465112798,37,37.37584416402937,Above Average
"López, Reynaldo",34.448617401428024,37,37.28285644161211,Above Average
"Moore, Matt",34.34631095670776,37,37.467569747750545,Above Average
"Rodríguez, Manuel",34.65283892247624,37,36.91413644121936,Above Average
"Medina, Luis",34.77307763543453,37,36.69704659651717,Above Average
"White, Owen",34.88352965858964,37,36.49762652652604,Above Average
"Thorpe, Drew",35.05970701049948,36,36.17954000492946,Above Average
"Andriese, Matt",35.305729278313855,36,35.735349156582366,Above Average
"Payamps, Joel",35.127589216086214,36,36.056979332860564,Above Average
"Coulombe, Danny",35.15421426654381,36,36.00890805925143,Above Average
"Hentges, Sam",35.29153058704213,36,35.76098475769049,Above Average
"Gaddis, Hunter",35.427524177422214,36,35.51544963269004,Above Average
"Marinaccio, Ron",35.149163386215164,36,36.018027375311775,Above Average
"Keller, Brad",35.14284552485155,36,36.02943421349668,Above Average
"Leclerc, José",35.22370966413683,36,35.883434784464974,Above Average
"Dunning, Dane",35.37287894699228,36,35.614111072885805,Above Average
"Zerpa, Angel",35.85836757856715,35,34.73756599817405,Above Average
"Snider, Collin",35.881850753299666,35,34.69516735109633,Above Average
"Ross, Joe",35.83585782089814,35,34.77820715006615,Above Average
"Skubal, Tarik",35.50193367384185,35,35.381103999535185,Above Average
"Leasure, Jordan",35.77737081304374,35,34.883804882608516,Above Average
"Suarez, José",35.811160757279694,35,34.822797461901814,Above Average
"Avila, Pedro",35.63207346536437,35,35.146137852309366,Above Average
"Schreiber, John",35.557120176853836,35,35.28146529687636,Above Average
"Hernández, Carlos",35.98514969111864,35,34.508662108173425,Above Average
"Turnbull, Spencer",35.94729799525608,35,34.57700298254197,Above Average
"Cimber, Adam",35.467180909343625,35,35.44384978300434,Above Average
"Scott, Christian",35.56358374400281,35,35.26979538829143,Above Average
"Mikolas, Miles",36.147125201167576,34,34.216216876043575,Above Average
"Ryan, Ryder",36.36940630505612,34,33.81489047179193,Above Average
"Kirby, George",36.30056169694002,34,33.9391887524105,Above Average
"Liberatore, Matthew",36.361449065057464,34,33.829257192401826,Above Average
"Priester, Quinn",36.05882496701427,34,34.37564210314292,Above Average
"Bieber, Shane",36.00797072585745,34,34.46745894851294,Above Average
"Martinez, Seth",36.11919210612182,34,34.26664981162928,Above Average
"Foley, Jason",36.211547774206196,34,34.09990253740688,Above Average
"Gibson, Kyle",36.330464623732574,34,33.885199304471314,Above Average
"Nelson, Ryne",36.02700109758317,34,34.433099794618855,Above Average
"Walston, Blake",36.46300430821516,34,33.64590017349023,Above Average
"Slaten, Justin",36.553863733019156,33,33.481854352180804,Above Average
"Irvin, Jake",36.77632246545884,33,33.080207241281244,Above Average
"Pruitt, Austin",36.5876473778097,33,33.42085830506245,Above Average
"Rainey, Tanner",36.950528077502284,33,32.76568067712981,Above Average
"Sands, Cole",36.87685419085446,33,32.898698173886714,Above Average
"Stephens, Jackson",36.63235753396007,33,33.34013454632877,Above Average
"Parsons, Wes",36.68504445120834,33,33.24500882182744,Above Average
"Sandlin, Nick",36.80615963555067,33,33.02633651643545,Above Average
"Cease, Dylan",36.82526791049852,33,32.99183670901989,Above Average
"Rogers, Trevor",36.79152789045843,33,33.0527539920691,Above Average
"Contreras, Roansy",36.894651801242475,33,32.86656475878151,Above Average
"Anderson, Shaun",36.87108035803715,33,32.909122773741515,Above Average
"Leone, Dominic",36.77862143552332,33,33.07605647284741,Above Average
"Bido, Osvaldo",36.72167044924957,33,33.17888093313661,Above Average
"Fernandez, Ryan",36.65737609248232,33,33.29496377852328,Above Average
"Baz, Shane",37.006514592194776,33,32.664597561043664,Above Average
"Herrin, Tim",37.56614656663859,32,31.654187390863825,Above Average
"Rea, Colin",37.317669545910704,32,32.102810272086714,Above Average
"Peterson, David",37.51860761565308,32,31.74001851158056,Above Average
"Gilbert, Logan",37.63636077155242,32,31.52741631634376,Above Average
"Banda, Anthony",37.21699043445014,32,32.284585443609984,Above Average
"Orze, Eric",37.40376362748692,32,31.947368232336657,Above Average
"Smith-Shawver, AJ",37.604622546414255,32,31.58471937786902,Above Average
"Chargois, JT",37.56392830349728,32,31.65819244372082,Above Average
"Wacha, Michael",37.65373785830376,32,31.49604215263716,Above Average
"Webb, Jacob",37.372539079581,32,32.003743854538655,Above Average
"Varland, Gus",37.37980255674873,32,31.99062971607573,Above Average
"Mize, Casey",37.9245192577627,31,31.007148929227682,Above Average
"Mazur, Adam",37.841995522032896,31,31.15614474374577,Above Average
"Veneziano, Anthony",37.672026110151386,31,31.46302288907556,Above Average
"Nola, Aaron",37.82922303141739,31,31.179205353228028,Above Average
"Beede, Tyler",37.740155841318504,31,31.34001531194187,Above Average
"Strider, Spencer",37.94550230725418,31,30.969264234328577,Above Average
"Wesneski, Hayden",37.97955493936131,31,30.90778253318628,Above Average
"Detmers, Reid",38.04212271693444,31,30.794817009998866,Above Average
"Speier, Gabe",37.69031757323675,31,31.429997827655,Above Average
"Bielak, Brandon",38.63294132778098,30,29.728099666472943,Above Average
"De Los Santos, Enyel",38.4341402498724,30,30.087033108689468,Above Average
"Cleavinger, Garrett",38.46164685359499,30,30.03737019910315,Above Average
"Lively, Ben",38.65281615648671,30,29.692215853588934,Above Average
"Ramírez, Yohan",38.69265995837245,30,29.62027825087422,Above Average
"Pennington, Walter",38.270291163536676,30,30.3828610648616,Above Average
"Anderson, Nick",38.22361827533998,30,30.46712851750756,Above Average
"Gore, MacKenzie",38.48960956779662,30,29.986883786415177,Above Average
"Baumann, Mike",38.47115782688513,30,30.0201982279158,Above Average
"Díaz, Miguel",38.799715297549696,29,29.42699086127459,Above Average
"Buttó, José",38.99987765686157,29,29.065599638521604,Above Average
"Morton, Charlie",39.16038552980611,29,28.775804211127948,Above Average
"Lodolo, Nick",38.95137152482546,29,29.153176995362386,Above Average
"Sewald, Paul",39.316477933652436,29,28.493980870903528,Above Average
"Kolek, Stephen",38.78043492691438,29,29.46180138580567,Above Average
"Honeywell, Brent",38.80519677891454,29,29.417094099167315,Above Average
"Coleman, Dylan",39.06439427430151,29,28.949115503619012,Above Average
"Heasley, Jonathan",38.9394600077128,29,29.174683125430917,Above Average
"Howard, Spencer",38.943964790495194,29,29.16654978326028,Above Average
"Rosenberg, Kenny",38.80840117779814,29,29.411308587671982,Above Average
"Kimbrel, Craig",39.24164059087032,29,28.6290989765683,Above Average
"Teng, Kai-Wei",38.96937306656979,29,29.120675384146438,Above Average
"Vesia, Alex",39.29768128267658,29,28.52791804422212,Above Average
"Voth, Austin",39.02337876726846,29,29.023168608755583,Above Average
"Gallen, Zac",39.65109059159515,28,27.889840921623033,Above Average
"Pressly, Ryan",39.713313606091546,28,27.777497864868835,Above Average
"Stripling, Ross",39.54882480389337,28,28.074480821903975,Above Average
"Soriano, George",39.37307569656181,28,28.39179415201582,Above Average
"Wentz, Joey",39.377795424373495,28,28.383272728653367,Above Average
"Garabito, Gerson",39.439715160562415,28,28.27147723797877,Above Average
"Lambert, Peter",39.64953188409059,28,27.892655153094537,Above Average
"Sims, Lucas",39.40124973074815,28,28.340926203119295,Above Average
"Barnes, Matt",39.5783755000315,28,28.021127323037987,Above Average
"Brown, Ben",39.571354142628735,28,28.033804316584096,Above Average
"Lynch IV, Daniel",39.7900450170526,28,27.63896003724676,Above Average
"Suarez, Robert",39.69867625059546,28,27.80392547003288,Above Average
"Clevinger, Mike",39.40441962343041,28,28.335202992240013,Above Average
"Basso, Brady",39.70011859244912,28,27.801321335629623,Above Average
"Povich, Cade",39.50767531559917,28,28.148775828924386,Above Average
"Lyles, Jordan",39.87278382653946,27,27.489575909120077,Above Average
"Marte, José",39.961451811522714,27,27.329486711419264,Above Average
"Smith, Cade",40.402666251429984,27,26.532878265742852,Above Average
"Molina, Anthony",40.31211215655199,27,26.696372816795062,Above Average
"Mantiply, Joe",40.330669316180085,27,26.662868042811212,Above Average
"Williams, Trevor",40.10253675797835,27,27.074759191785077,Above Average
"Minter, A.J.",40.05928531839909,27,27.152849251719985,Above Average
"Muñoz, Andrés",40.19028505655036,27,26.916330479091798,Above Average
"Leahy, Kyle",40.14286662676383,27,27.001943999938035,Above Average
"Heaney, Andrew",39.98493729243978,27,27.287083900547444,Above Average
"Ferguson, Caleb",40.23997203112505,27,26.826621122356727,Above Average
"Bivens, Spencer",40.11541224717044,27,27.05151261935923,Above Average
"Birdsong, Hayden",40.39735124839543,27,26.542474452819164,Above Average
"Kelly, Joe",40.33490783872836,27,26.655215430943258,Above Average
"Cuas, Jose",40.02050796148945,27,27.222861398243836,Above Average
"Duran, Jhoan",39.997498724473814,27,27.264404355312692,Above Average
"Brown, Hunter",40.34589574709364,27,26.63537686762257,Above Average
"García, Luis",40.27806149531126,27,26.75785095955696,Above Average
"Green, Chad",39.92100863550224,27,27.40250647839393,Above Average
"Brito, Jhony",40.94070540595411,26,25.56145372513035,Above Average
"Johnson, Pierce",40.897011550005004,26,25.64034256358393,Above Average
"Brebbia, John",40.50493632160228,26,26.34823063350241,Above Average
"Stewart, Brock",40.809214130575825,26,25.79885996351439,Above Average
"Cannon, Jonathan",40.749775612833986,26,25.90617563804578,Above Average
"Silseth, Chase",40.550365844798726,26,26.266208064456507,Above Average
"Lamet, Dinelson",40.578742306734796,26,26.214974634196523,Above Average
"Festa, Matt",40.852724340322894,26,25.720302696519795,Above Average
"Miller, Bryce",40.76060889276916,26,25.886616254874752,Above Average
"Rutledge, Jackson",40.838690205176476,26,25.745641193119653,Above Average
"Lynn, Lance",40.48638500415957,26,26.381724859476492,Above Average
"Estévez, Carlos",41.05945475880185,25,25.347052905843938,Above Average
"Kahnle, Tommy",40.993810522510095,25,25.465572945784103,Above Average
"Greene, Hunter",41.35460147455567,25,24.814168337214298,Above Average
"Barnes, Jacob",41.328841184313596,25,24.860678294536243,Above Average
"Canning, Griffin",41.313472081021295,25,24.888427063338312,Above Average
"Paxton, James",41.12504555347819,25,25.228629354228573,Above Average
"Rodriguez, Carlos",41.50009355932269,25,24.551483771566723,Above Average
"Jones, Jared",41.19076152568793,25,25.1099797957755,Above Average
"Wingenter, Trey",41.143968348249885,25,25.194464429494687,Above Average
"Morejon, Adrian",41.174432957447394,25,25.139460869352675,Above Average
"Kittredge, Andrew",41.170194807585716,25,25.147112808338534,Above Average
"Corbin, Patrick",41.56353253137362,24,24.436945315093226,Above Average
"Hughes, Brandon",41.57813624449745,24,24.410578450910066,Above Average
"Duffey, Tyler",41.74144960898934,24,24.115717735396288,Above Average
"Bazardo, Eduard",41.65672394214168,24,24.268689115459452,Above Average
"Adon, Joan",41.894622468985744,24,23.839165603631983,Above Average
"Akin, Keegan",41.63281228184259,24,24.311861389123948,Above Average
"Teheran, Julio",41.821573736001795,24,23.971054391435956,Above Average
"Bibee, Tanner",42.08510414643317,24,23.49525275927195,Above Average
"Lucas, Easton",41.620672151444126,24,24.333780278290547,Above Average
"Matsui, Yuki",41.54813654344319,24,24.464742623851947,Above Average
"Bassitt, Chris",42.407973218346434,23,22.91231574209756,Above Average
"Adams, Austin",42.57070937687818,23,22.61849716641683,Above Average
"Garrett, Braxton",42.50333324582665,23,22.74014412575916,Above Average
"Yates, Kirby",42.158294731010294,23,23.36310785977504,Above Average
"Altavilla, Dan",42.36210543392599,23,22.995129587586092,Above Average
"White, Mitch",42.609055217094166,23,22.549264119150664,Above Average
"Strzelecki, Peter",42.44935921359115,23,22.837593724043032,Above Average
"Bellozo, Valente",42.59322810484052,23,22.577839818746014,Above Average
"Sauer, Matt",42.12056539503816,23,23.431227814533273,Above Average
"Kelly, Zack",42.20566877135056,23,23.277574483648905,Above Average
"Irvin, Cole",42.11861457289815,23,23.434750005223748,Above Average
"Junis, Jakob",42.367391123337555,23,22.985586325975348,Above Average
"Joyce, Ben",42.17700347610884,23,23.329329399676055,Above Average
"Stanek, Ryne",42.496252895232466,23,22.752927630947397,Above Average
"Salazar, Eduardo",42.9155009393501,22,21.995979302493723,Above Average
"Dubin, Shawn",42.826541601759544,22,22.15659453453671,Above Average
"Anderson, Chase",42.884594315038164,22,22.051780916691598,Above Average
"Scott, Tayler",43.056770876027464,22,21.740917784785893,Above Average
"Alcala, Jorge",43.122237565799075,22,21.622718303387444,Above Average
"Cano, Yennier",42.69682675213988,22,22.39079345322665,Above Average
"García, Deivi",42.967707263606094,22,21.90172128403725,Above Average
"O'Loughlin, Jack",42.855961783324496,22,22.10347667848262,Above Average
"Brewer, Colten",43.08131662867399,22,21.696600663460913,Above Average
"Zuñiga, Guillermo",42.88419930719814,22,22.052494099563717,Above Average
"Law, Derek",42.67965707706461,22,22.421793137138522,Above Average
"Jefferies, Daulton",42.691859285232255,22,22.399762167154194,Above Average
"Mena, Cristian",42.947440836255666,22,21.93831212452386,Above Average
"Henley, Blair",43.678611672010575,21,20.618190183099955,Above Average
"Junk, Janson",43.61352053474845,21,20.73571160803924,Above Average
"Vest, Will",43.61274001219956,21,20.737120834026086,Above Average
"Miller, Tyson",43.5402162934584,21,20.86806171364283,Above Average
"Sulser, Cole",43.25813041208837,21,21.377365070878085,Above Average
"McArthur, James",43.52144341121941,21,20.901955972734655,Above Average
"Gomber, Austin",43.74312058855026,21,20.50171995209901,Above Average
"Francis, Bowden",43.494777241545215,21,20.950101486695544,Above Average
"Strickland, Hunter",43.72314013318309,21,20.537794472908658,Above Average
"Kopech, Michael",43.346307173835115,21,21.21816277202626,Above Average
"Anderson, Grant",43.6732572236912,21,20.62785758826024,Above Average
"Carasiti, Matt",43.3779766201877,21,21.160983889939658,Above Average
"Winans, Allan",43.40841507382106,21,21.106027553418215,Above Average
"Nardi, Andrew",43.47648803940898,21,20.983122465994114,Above Average
"Severino, Luis",43.67836108213944,21,20.61864262071235,Above Average
"Snell, Blake",43.93588443784452,20,20.153686668326216,Above Average
"Javier, Cristian",44.22288557785162,20,19.6355088586959,Above Average
"Pérez, Martín",44.17341072166566,20,19.724835237711616,Above Average
"Burdi, Nick",43.89366330300871,20,20.22991652291421,Above Average
"Cecconi, Slade",44.093071104296605,20,19.869887647447,Above Average
"Cousins, Jake",43.92261588781766,20,20.17764290832484,Above Average
"Miley, Wade",44.0689437659464,20,19.913449325767203,Above Average
"Rodríguez, Randy",44.13251448916787,20,19.798672993817092,Above Average
"Tyler, Kyle",44.00584707646984,20,20.027369794330767,Above Average
"Tinoco, Jesus",44.198366111640894,20,19.679778520112805,Above Average
"Harrison, Kyle",43.91620827713483,20,20.18921178804605,Above Average
"Palencia, Daniel",44.13111042170483,20,19.80120802417464,Above Average
"Beeks, Jalen",44.07102537825259,20,19.909690994684283,Above Average
"Winder, Josh",44.024883549355174,20,19.992999624851436,Above Average
"Barlow, Scott",43.94940471914856,20,20.12927592991751,Above Average
"Ureña, José",44.426391901331144,19,19.26808014066387,Above Average
"Anderson, Justin",44.55920042443032,19,19.02829562413524,Above Average
"Uribe, Abner",44.67483063090857,19,18.8195263937464,Above Average
"Brooks, Aaron",44.46037511177984,19,19.206723779661004,Above Average
"Marte, Yunior",45.33877347370412,18,17.620783949758163,Above Average
"Pivetta, Nick",45.24651608136467,18,17.78735378806431,Above Average
"Wilson, Bryse",45.39400903468001,18,17.52105667341536,Above Average
"Grove, Michael",45.22970775199153,18,17.817701065771644,Above Average
"Cosgrove, Tom",44.895888875638505,18,18.42040784999412,Above Average
"Banks, Tanner",45.01564812106139,18,18.20418367933516,Above Average
"Darvish, Yu",44.902424791984195,18,18.40860731562742,Above Average
"Castellanos, Humberto",45.07860472743393,18,18.09051612947431,Above Average
"Klein, Will",45.05279820817822,18,18.13710955283763,Above Average
"Weathers, Ryan",45.34363234805209,18,17.612011298657066,Above Average
"Miller, Mason",45.39573917365474,18,17.517932924066272,Above Average
"Waguespack, Jacob",45.27792425571199,18,17.73064663008097,Above Average
"Suter, Brent",44.99540827929771,18,18.24072651979951,Above Average
"Muller, Kyle",45.23693840492541,18,17.804646191148564,Above Average
"Gallegos, Giovanny",45.055924444541326,18,18.131465163024473,Above Average
"Mlodzinski, Carmen",45.01918330666263,18,18.197800935589115,Above Average
"Luzardo, Jesús",45.1004201747389,18,18.051128548294955,Above Average
"Little, Luke",45.69700897624613,17,16.973993180793116,Above Average
"Winckowski, Josh",45.93775702757404,17,16.539324879800404,Above Average
"Chafin, Andrew",45.904750596080106,17,16.598917675755203,Above Average
"Staumont, Josh",45.44187077980914,17,17.434642750963746,Above Average
"Smith, Burch",45.76157428018057,17,16.857421142890985,Above Average
"Burr, Ryan",45.44988138268141,17,17.420179684196597,Above Average
"Williams, Gavin",45.76339531111691,17,16.854133288975717,Above Average
"Poteet, Cody",45.90314904674307,17,16.601809257744947,Above Average
"Buehler, Walker",45.90881137240701,17,16.591585982987638,Above Average
"Flaherty, Jack",45.829970576174986,17,16.73393228551454,Above Average
"Matzek, Tyler",45.55840923830458,17,17.224233680256347,Above Average
"Berroa, Prelander",45.58286648857612,17,17.180076349121777,Above Average
"Rodríguez, Yariel",45.444726072401316,17,17.429487547534137,Above Average
"Jarvis, Bryce",46.167457025140514,16,16.124603734065076,Above Average
"Chirinos, Yonny",46.41215790846042,16,15.682798632767657,Average
"Skenes, Paul",46.034383592697296,16,16.364866541877305,Above Average
"Fedde, Erick",46.4573937756414,16,15.601125707803007,Average
"Peralta, Sammy",46.3608566780938,16,15.775422512875096,Average
"Montero, Rafael",46.337186380494806,16,15.818159008496124,Average
"Milner, Hoby",46.04452101014607,16,16.346563531761092,Above Average
"Hall, DL",46.283698186722525,16,15.914731430087613,Average
"Heller, Ben",46.51281053031394,16,15.501071287976217,Average
"Long, Sam",47.05346269716646,15,14.524928978630015,Average
"Jiménez, Dany",46.74440571195513,15,15.082928405544465,Average
"Moll, Sam",46.65807902371026,15,15.238790414407092,Average
"Daniel, Davis",46.6588092687447,15,15.23747196399107,Average
"Uwasawa, Naoyuki",46.91451997704843,15,14.775788729128081,Average
"Bummer, Aaron",46.69986002807228,15,15.163355211174334,Average
"Herget, Kevin",47.35981410345193,14,13.971814448554468,Average
"Walker, Josh",47.14402008938256,14,14.361428474265438,Average
"Puk, A.J.",47.5469945773982,14,13.633861895499649,Average
"Smith, Will",47.31016300504601,14,14.061459031210433,Average
"Hendricks, Kyle",47.43525221962805,14,13.835611652280534,Average
"Faedo, Alex",47.48731607359077,14,13.741610862574092,Average
"Wicks, Jordan",47.37025674241619,14,13.95296036391521,Average
"Hernandez, Jose E.",47.40761956054356,14,13.88550215361549,Average
"Farmer, Buck",48.131307030653595,13,12.57889135719411,Average
"Verlander, Justin",47.97104147380289,13,12.868249285201031,Average
"Pint, Riley",48.10477262575985,13,12.626798971105828,Average
"Phillips, Tyler",47.84449732118232,13,13.096723540825352,Average
"Yarbrough, Ryan",47.63031773787019,13,13.483422727265747,Average
"Hill, Tim",47.90943035100055,13,12.979487577361795,Average
"Thielbar, Caleb",48.13528169394698,13,12.571715140683835,Average
"Bubic, Kris",48.408915245084785,12,12.077672384733646,Average
"Allen, Logan",48.314289523956084,12,12.248518217986941,Average
"Martin, Chris",48.378792782206254,12,12.132058202973539,Average
"Bigge, Hunter",48.415469776773534,12,12.065838240543343,Average
"Legumina, Casey",48.66008589405303,12,11.624186183520052,Average
"Sterner, Justin",48.47801297528967,12,11.95291709460794,Average
"Thornton, Trent",48.73086726566259,12,11.496391094962704,Average
"Black, Mason",48.324931471808185,12,12.229304283059491,Average
"Crismatt, Nabil",48.17835614315266,12,12.493944635173364,Average
"Cabrera, Génesis",49.10178809802006,11,10.826697084505128,Average
"Santillan, Tony",48.92716754190744,11,11.141972826199492,Average
"Plesac, Zach",49.16544704036907,11,10.711761473765137,Average
"Boyle, Joe",48.92100076993552,11,11.153106873934703,Average
"Walker, Ryan",49.02193778912113,11,10.970866052483885,Average
"Villalobos, Eli",48.98593347702685,11,11.035871493151475,Average
"Curry, Xzavion",48.94945317098342,11,11.101736336335591,Average
"Kuhnel, Joel",49.56175761547234,10,9.996226525941353,Average
"Fried, Max",49.32156038117881,10,10.429900332053762,Average
"Misiewicz, Anthony",49.4119018730708,10,10.266789633656643,Average
"Bird, Jake",49.30625458098567,10,10.457534807716556,Average
"Campbell, Isaiah",49.75337036283622,10,9.650271545679573,Average
"Rogers, Josh",49.49598819117129,10,10.11497259163336,Average
"Hodge, Porter",49.3780111245088,10,10.327979055608608,Average
"Andrews, Clayton",49.81313600169844,10,9.54236525709824,Average
"Ramirez, Nick",49.474020235675425,10,10.154635524890779,Average
"Abreu, Bryan",49.48250553400205,10,10.139315400027016,Average
"Vieira, Thyago",49.894205265176055,9,9.39599547830177,Average
"Means, John",49.949428604337974,9,9.296290268327027,Average
"Boushley, Caleb",50.37331999136459,9,8.530958428721192,Average
"Hartwig, Grant",49.918787738578956,9,9.351612058002829,Average
"Kerr, Ray",50.19196490392171,9,8.858393302234731,Average
"Eisert, Brandon",50.36987065558306,9,8.537186171439942,Average
"Scott, Tanner",49.89405382086584,9,9.396268909553456,Average
"Castillo, Diego",50.15990900560499,9,8.91626991964148,Average
"Fairbanks, Pete",50.35959992990537,9,8.555729868286747,Average
"Arrighetti, Spencer",50.737786001827025,8,7.8729185373763215,Average
"Snead, Kirby",50.57144227367831,8,8.173250545450259,Average
"Vanasco, Ricky",51.4123692986636,7,6.654964855522209,Average
"Otañez, Michel",50.95104918938395,7,7.487873894695483,Average
"Roupp, Landen",51.17503856791133,7,7.083463216943812,Average
"Spiers, Carson",51.43904635496589,7,6.606799685858562,Average
"Bender, Anthony",51.68110701012952,6,6.169761491211418,Average
"Gómez, Yoendrys",51.709421385245754,6,6.11864015811004,Average
"Montero, Keider",51.73363795545058,6,6.074917372530905,Average
"Bradford, Cody",51.506611410389134,6,6.484811625372444,Average
"Suárez, Albert",51.549053852439,6,6.40818220272898,Average
"Ort, Kaleb",52.562496594772824,5,4.578421037336767,Average
"Ragans, Cole",52.18746212813059,5,5.255542175098597,Average
"Harris, Hogan",52.272557357653206,5,5.101903553165144,Average
"Graceffo, Gordon",52.17636555327146,5,5.275576934733209,Average
"Gillaspie, Logan",52.38437703156401,5,4.900014202832807,Average
"Parker, Mitchell",52.10442578625676,5,5.40546349510042,Average
"Espino, Paolo",52.56808395619072,5,4.568333109807753,Average
"Loáisiga, Jonathan",53.01616739317034,4,3.7593227557025983,Below Average
"Bednar, David",52.863509663581716,4,4.034944824449141,Below Average
"Koenig, Jared",52.966933610245825,4,3.848213879253578,Below Average
"Paddack, Chris",52.816135033858984,4,4.120479264699682,Below Average
"Woodford, Jake",52.981197796610864,4,3.822460027381723,Below Average
"Latz, Jacob",52.664518092641,4,4.394222200010802,Average
"Rodón, Carlos",53.014705131702264,4,3.761962854778929,Below Average
"Imanaga, Shota",52.633666638056546,4,4.449924205794076,Average
"Horn, Bailey",52.64712648103884,4,4.425622588196461,Average
"Peralta, Freddy",53.07634099333033,4,3.6506798969052454,Below Average
"Saucedo, Tayler",52.80790510530674,4,4.135338321881505,Average
"Estrada, Jeremiah",53.57166666666669,3,2.7563741375039115,Below Average
"Vodnik, Victor",53.6640350877193,3,2.5896038379194977,Below Average
"Hudson, Bryan",53.16550449323172,3,3.4896960517653497,Below Average
"Robertson, Nick",53.46177083333333,3,2.9547900120985844,Below Average
"Wilson, Steven",53.598510101010106,3,2.707908573880431,Below Average
"Festa, David",53.647616683217464,3,2.6192471100060715,Below Average
"Jiménez, Joe",53.18578947368424,3,3.453071713830596,Below Average
"Kelly, Kevin",53.2082543142914,3,3.4125116592634726,Below Average
"Díaz, Edwin",53.24156378600826,3,3.352371727088453,Below Average
"Roycroft, Chris",53.402101723413196,3,3.0625220185994806,Below Average
"Thompson, Ryan",53.6849777191313,3,2.551792117475827,Below Average
"Diaz, Yilber",53.27902508833067,3,3.284735704517786,Below Average
"Romero, JoJo",53.20196004389328,3,3.4238759041861186,Below Average
"Reynolds, Sean",53.654545454545456,3,2.6067372797312487,Below Average
"Miller, Erik",54.0415914272686,2,1.907929482776325,Below Average
"Freeland, Kyle",53.860948295982595,2,2.234078926267131,Below Average
"Curtiss, John",54.166666666666664,2,1.6821073359072471,Below Average
"Harvey, Hunter",54.202245298328876,2,1.6178704571829599,Below Average
"Diaz, Jhonathan",54.20351608187135,2,1.6155760696674974,Below Average
"Newcomb, Sean",54.10494212165942,2,1.7935504107726956,Below Average
"Sears, JP",54.07837191403189,2,1.841522666177383,Below Average
"Henriquez, Ronny",53.8629290617849,2,2.230502672581167,Below Average
"Antone, Tejay",54.16262626262627,2,1.689402246706635,Below Average
"Blalock, Bradley",54.14666666666667,2,1.7182171443642744,Below Average
"Hicks, Jordan",53.957753838229145,2,2.0592974468620326,Below Average
"Speas, Alex",54.102976190476184,2,1.7970998806960097,Below Average
"Bolton, Cody",54.18015723538303,2,1.6577502432910194,Below Average
"Garrett, Amir",53.958333333333336,2,2.0582511740013274,Below Average
"Booser, Cam",54.181948757763976,2,1.654515666789905,Below Average
"Bowman, Matt",53.75525095540128,2,2.4249144624075853,Below Average
"Petersen, Michael",53.98042328042329,2,2.0183679860891175,Below Average
"Finnegan, Kyle",53.896398559423766,2,2.170073815136533,Below Average
"Hernandez, Nick",53.95373134328359,2,2.066560022962193,Below Average
"Swanson, Erik",53.76934361766485,2,2.399470295658219,Below Average
"Jackson, Luke",53.79141553069667,2,2.359619668065264,Below Average
"Gonzales, Marco",53.813859720154426,2,2.319096898950619,Below Average
"Burgos, Raymond",54.62777777777777,1,0.8495756409256643,Below Average
"Sborz, Josh",54.40521008403363,1,1.2514194804168994,Below Average
"Cortes, Nestor",54.675336503075286,1,0.7637088178779692,Below Average
"Weissert, Greg",54.2969800484603,1,1.4468277731094332,Below Average
"Wantz, Andrew",54.30916666666666,1,1.424824950650887,Below Average
"Peralta, Wandy",54.734261697594995,1,0.6573199435079715,Below Average
"Sánchez, Sixto",54.52222455200262,1,1.0401509791637977,Below Average
"Koch, Matt",54.31923076923077,1,1.4066543098567905,Below Average
"Gray, Josiah",54.483567251461984,1,1.1099463650632089,Below Average
"Duarte, Daniel",54.33412698412699,1,1.379759336524927,Below Average
"Feyereisen, J.P.",54.524783549783535,1,1.0355307331782626,Below Average
"Kristofak, Zac",54.956349206349195,0,0.256343073417284,Below Average
"Herget, Jimmy",55.11947416532038,0,-0.03817747773325664,Below Average
"Wrobleski, Justin",55.376,0,-0.5013324154613201,Below Average
